{
    "options": {
        "Team Count": 4,
        "Network Settings": "High Bandwidth",
        "Enable CoopPatch Fixes": "Disabled",
        "Enable Max Scaling": true,
        "Vehicle Options": {
            "Enable Vehicle Tweaks": false,
            "Enable Health Fix": false,
            "Health Fix Scaling": 10
        },
        "Miscellaneous Options": {
            "Enable Logging": true
        }
    },
    "keybinds": {
        "Reapply fixes": "NumPadNine"
    },
    "enabled": false
}