{
    "options": {
        "Actions": {},
        "Include Item Type": false,
        "Include Part Slots": false,
        "Font Size": 14,
        "Remove Descriptions": false,
        "Weapons": {
            "Accessory": true,
            "2nd Accessory": true,
            "Barrel": false,
            "Body": false,
            "Element": true,
            "Grip": true,
            "Material": false,
            "Sight": true,
            "Stock": true,
            "Definition": false
        },
        "Shields": {
            "Accessory": true,
            "Battery": true,
            "Body": true,
            "Capacitor": true,
            "Material": false,
            "Definition": false,
            "Extras": true
        },
        "Grenades": {
            "Accessory": true,
            "Blast Radius": true,
            "Child Count": true,
            "Damage": true,
            "Delivery": true,
            "Material": false,
            "Payload": true,
            "Status Damage": true,
            "Trigger": true,
            "Definition": false
        },
        "Class Mods": {
            "Specialization": true,
            "Primary": true,
            "Secondary": true,
            "Penalty": true,
            "Definition": false,
            "Extras": true
        },
        "Relics": {
            "Body": true,
            "Upgrade": true,
            "Alpha": true,
            "Beta": true,
            "Gamma": true,
            "Delta": true,
            "Epsilon": true,
            "Zeta": true,
            "Definition": false,
            "Extras": true
        },
        "Oz Kits": {
            "Body": false,
            "Upgrade": true,
            "Alpha": false,
            "Beta": false,
            "Gamma": false,
            "Delta": false,
            "Epsilon": false,
            "Zeta": false,
            "Definition": false,
            "Extras": true
        }
    },
    "enabled": true
}